{
  "method": "sparse",
  "n_subjects": 4218,
  "gene_dim": 111,
  "fmri_dim": 180,
  "n_components": 10,
  "canonical_correlations": [
    0.36794054095669865,
    0.3502032393402269,
    0.34816110163455255,
    0.34004415614595174,
    0.3346146838055308,
    0.3294269338016081,
    0.324972196485868,
    0.32259012919452434,
    0.3204555434821475,
    0.3154712532421047
  ],
  "sparsity_gene": 0.0,
  "sparsity_fmri": 0.0,
  "seed": 42,
  "c1": 0.3,
  "c2": 0.3,
  "n_perm": 1000,
  "p_perm": [
    0.03996003996003996,
    0.4915084915084915,
    0.12287712287712288,
    0.2997002997002997,
    0.3226773226773227,
    0.3726273726273726,
    0.41358641358641357,
    0.21478521478521478,
    0.08491508491508491,
    0.15084915084915085
  ]
}