{
  "method": "sparse",
  "n_subjects": 4218,
  "gene_dim": 111,
  "fmri_dim": 180,
  "n_components": 10,
  "canonical_correlations": [
    0.3470992316141201,
    0.3377679951121626,
    0.3352251301442685,
    0.33365006481011417,
    0.3311817259778533,
    0.32889976013686206,
    0.3238184793703902,
    0.32211412512248083,
    0.3199259352673544,
    0.3165423306063074
  ],
  "sparsity_gene": 0.0,
  "sparsity_fmri": 0.0,
  "seed": 42,
  "c1": 0.3,
  "c2": 0.3,
  "n_perm": 1000,
  "p_perm": [
    0.995004995004995,
    0.999000999000999,
    0.995004995004995,
    0.9080919080919081,
    0.7532467532467533,
    0.5034965034965035,
    0.6083916083916084,
    0.28471528471528473,
    0.12687312687312688,
    0.09090909090909091
  ]
}