{
  "n_subjects_input": 164,
  "n_subjects_valid_ts": 164,
  "n_missing_or_invalid": 0,
  "n_rois_input": 50,
  "std_threshold": 1e-06,
  "roi_validity_threshold_requested": 0.7,
  "subject_dropout_threshold_requested": 0.4,
  "roi_valid_rate": {
    "HIP-head-l": 0.5182926829268293,
    "HIP-head-r": 0.5304878048780488,
    "HIP-body-l": 0.4695121951219512,
    "HIP-body-r": 0.38414634146341464,
    "HIP-tail-l": 0.6036585365853658,
    "HIP-tail-r": 0.5792682926829268,
    "HIP-subiculum-l": 0.9085365853658537,
    "HIP-subiculum-r": 0.8963414634146342,
    "AMY-lateral-l": 0.7073170731707317,
    "AMY-lateral-r": 0.7012195121951219,
    "AMY-medial-l": 0.8597560975609756,
    "AMY-medial-r": 0.8658536585365854,
    "THA-VA-l": 0.774390243902439,
    "THA-VA-r": 0.8780487804878049,
    "THA-VL-l": 0.8597560975609756,
    "THA-VL-r": 0.7926829268292683,
    "THA-VP-l": 0.8780487804878049,
    "THA-VP-r": 0.8780487804878049,
    "THA-IL-l": 0.5975609756097561,
    "THA-IL-r": 0.676829268292683,
    "THA-MD-l": 0.5487804878048781,
    "THA-MD-r": 0.7987804878048781,
    "THA-PU-l": 0.7560975609756098,
    "THA-PU-r": 0.7987804878048781,
    "NAc-core-l": 0.8780487804878049,
    "NAc-core-r": 0.18292682926829268,
    "NAc-shell-l": 0.17073170731707318,
    "NAc-shell-r": 0.16463414634146342,
    "CAU-head-l": 0.14634146341463414,
    "CAU-head-r": 0.5487804878048781,
    "CAU-body-l": 0.29878048780487804,
    "CAU-body-r": 0.9085365853658537,
    "CAU-tail-l": 0.8414634146341463,
    "CAU-tail-r": 0.6829268292682927,
    "PUT-anterior-l": 0.573170731707317,
    "PUT-anterior-r": 0.5060975609756098,
    "PUT-posterior-l": 0.49390243902439024,
    "PUT-posterior-r": 0.43902439024390244,
    "PUT-ventral-l": 0.5,
    "PUT-ventral-r": 0.5182926829268293,
    "GP-internal-l": 0.45121951219512196,
    "GP-internal-r": 0.5365853658536586,
    "GP-external-l": 0.5304878048780488,
    "GP-external-r": 0.3475609756097561,
    "HTH-l": 0.4024390243902439,
    "HTH-r": 0.27439024390243905,
    "VTA-l": 0.5121951219512195,
    "VTA-r": 0.4573170731707317,
    "SN-l": 0.4573170731707317,
    "SN-r": 0.5182926829268293
  },
  "roi_valid_rate_min": 0.14634146341463414,
  "roi_valid_rate_median": 0.5487804878048781,
  "roi_valid_rate_max": 0.9085365853658537,
  "roi_valid_rate_sorted": [
    [
      "HIP-subiculum-l",
      0.9085365853658537
    ],
    [
      "CAU-body-r",
      0.9085365853658537
    ],
    [
      "HIP-subiculum-r",
      0.8963414634146342
    ],
    [
      "THA-VA-r",
      0.8780487804878049
    ],
    [
      "THA-VP-l",
      0.8780487804878049
    ],
    [
      "THA-VP-r",
      0.8780487804878049
    ],
    [
      "NAc-core-l",
      0.8780487804878049
    ],
    [
      "AMY-medial-r",
      0.8658536585365854
    ],
    [
      "AMY-medial-l",
      0.8597560975609756
    ],
    [
      "THA-VL-l",
      0.8597560975609756
    ],
    [
      "CAU-tail-l",
      0.8414634146341463
    ],
    [
      "THA-MD-r",
      0.7987804878048781
    ],
    [
      "THA-PU-r",
      0.7987804878048781
    ],
    [
      "THA-VL-r",
      0.7926829268292683
    ],
    [
      "THA-VA-l",
      0.774390243902439
    ],
    [
      "THA-PU-l",
      0.7560975609756098
    ],
    [
      "AMY-lateral-l",
      0.7073170731707317
    ],
    [
      "AMY-lateral-r",
      0.7012195121951219
    ],
    [
      "CAU-tail-r",
      0.6829268292682927
    ],
    [
      "THA-IL-r",
      0.676829268292683
    ],
    [
      "HIP-tail-l",
      0.6036585365853658
    ],
    [
      "THA-IL-l",
      0.5975609756097561
    ],
    [
      "HIP-tail-r",
      0.5792682926829268
    ],
    [
      "PUT-anterior-l",
      0.573170731707317
    ],
    [
      "THA-MD-l",
      0.5487804878048781
    ],
    [
      "CAU-head-r",
      0.5487804878048781
    ],
    [
      "GP-internal-r",
      0.5365853658536586
    ],
    [
      "HIP-head-r",
      0.5304878048780488
    ],
    [
      "GP-external-l",
      0.5304878048780488
    ],
    [
      "HIP-head-l",
      0.5182926829268293
    ],
    [
      "PUT-ventral-r",
      0.5182926829268293
    ],
    [
      "SN-r",
      0.5182926829268293
    ],
    [
      "VTA-l",
      0.5121951219512195
    ],
    [
      "PUT-anterior-r",
      0.5060975609756098
    ],
    [
      "PUT-ventral-l",
      0.5
    ],
    [
      "PUT-posterior-l",
      0.49390243902439024
    ],
    [
      "HIP-body-l",
      0.4695121951219512
    ],
    [
      "VTA-r",
      0.4573170731707317
    ],
    [
      "SN-l",
      0.4573170731707317
    ],
    [
      "GP-internal-l",
      0.45121951219512196
    ],
    [
      "PUT-posterior-r",
      0.43902439024390244
    ],
    [
      "HTH-l",
      0.4024390243902439
    ],
    [
      "HIP-body-r",
      0.38414634146341464
    ],
    [
      "GP-external-r",
      0.3475609756097561
    ],
    [
      "CAU-body-l",
      0.29878048780487804
    ],
    [
      "HTH-r",
      0.27439024390243905
    ],
    [
      "NAc-core-r",
      0.18292682926829268
    ],
    [
      "NAc-shell-l",
      0.17073170731707318
    ],
    [
      "NAc-shell-r",
      0.16463414634146342
    ],
    [
      "CAU-head-l",
      0.14634146341463414
    ]
  ]
}