{
  "n_subjects": 4218,
  "n_cases": 1735,
  "n_controls": 2483,
  "n_folds": 5,
  "seed": 42,
  "models": [
    "logreg",
    "mlp"
  ],
  "feature_sets": [
    "gene_only",
    "fmri_only",
    "joint"
  ],
  "results": [
    {
      "model": "logreg",
      "n_folds": 5,
      "auc_mean": 0.5883608217119018,
      "auc_std": 0.006023726125015038,
      "auc_folds": [
        0.5948834215668651,
        0.593439600136844,
        0.581738268226071,
        0.591202240401599,
        0.5805405782281305
      ],
      "accuracy_mean": 0.5576057074429508,
      "accuracy_std": 0.013191944036504233,
      "precision_mean": 0.4685840840154154,
      "recall_mean": 0.562536023054755,
      "f1_mean": 0.5111933135808343,
      "confusion_matrix": [
        [
          1376,
          1107
        ],
        [
          759,
          976
        ]
      ],
      "feature_set": "gene_only",
      "feature_dim": 10
    },
    {
      "model": "mlp",
      "n_folds": 5,
      "auc_mean": 0.551930299843123,
      "auc_std": 0.031016892428920088,
      "auc_folds": [
        0.5153514748432961,
        0.5817382682260711,
        0.5134611704810998,
        0.5808949986055592,
        0.5682055870595891
      ],
      "accuracy_mean": 0.5827441489152373,
      "accuracy_std": 0.01445001466689985,
      "precision_mean": 0.4679513303756984,
      "recall_mean": 0.14755043227665704,
      "f1_mean": 0.21880948478019632,
      "confusion_matrix": [
        [
          2202,
          281
        ],
        [
          1479,
          256
        ]
      ],
      "feature_set": "gene_only",
      "feature_dim": 10
    },
    {
      "model": "logreg",
      "n_folds": 5,
      "auc_mean": 0.513630731586694,
      "auc_std": 0.02180107600782082,
      "auc_folds": [
        0.5038588881995141,
        0.5192132622826295,
        0.5502351283493467,
        0.4835572185553593,
        0.5112891605466208
      ],
      "accuracy_mean": 0.5187220657435361,
      "accuracy_std": 0.016669952540762308,
      "precision_mean": 0.42481838551175627,
      "recall_mean": 0.48645533141210373,
      "f1_mean": 0.4531557514012651,
      "confusion_matrix": [
        [
          1344,
          1139
        ],
        [
          891,
          844
        ]
      ],
      "feature_set": "fmri_only",
      "feature_dim": 10
    },
    {
      "model": "mlp",
      "n_folds": 5,
      "auc_mean": 0.5048648308929528,
      "auc_std": 0.015125578246764299,
      "auc_folds": [
        0.4919140201439183,
        0.5257945366724845,
        0.5198163041650479,
        0.49848354559821517,
        0.4883157478850981
      ],
      "accuracy_mean": 0.5839227988508655,
      "accuracy_std": 0.006566513729247306,
      "precision_mean": 0.4176689719546863,
      "recall_mean": 0.029971181556195964,
      "f1_mean": 0.05474246592157707,
      "confusion_matrix": [
        [
          2411,
          72
        ],
        [
          1683,
          52
        ]
      ],
      "feature_set": "fmri_only",
      "feature_dim": 10
    },
    {
      "model": "logreg",
      "n_folds": 5,
      "auc_mean": 0.5809891560948849,
      "auc_std": 0.008470681156971352,
      "auc_folds": [
        0.5857334206970932,
        0.5905577557564408,
        0.5844345612580382,
        0.565980291902947,
        0.5782397508599052
      ],
      "accuracy_mean": 0.555706037453689,
      "accuracy_std": 0.013398917655532873,
      "precision_mean": 0.46708924499106486,
      "recall_mean": 0.5642651296829971,
      "f1_mean": 0.5109650985580305,
      "confusion_matrix": [
        [
          1365,
          1118
        ],
        [
          756,
          979
        ]
      ],
      "feature_set": "joint",
      "feature_dim": 20
    },
    {
      "model": "mlp",
      "n_folds": 5,
      "auc_mean": 0.5497765013432833,
      "auc_std": 0.022513297155440242,
      "auc_folds": [
        0.5595184942508075,
        0.5055636412132739,
        0.5670043314642901,
        0.562819559356698,
        0.553976480431347
      ],
      "accuracy_mean": 0.5832135849735486,
      "accuracy_std": 0.012228815689273772,
      "precision_mean": 0.44533423940547656,
      "recall_mean": 0.12046109510086456,
      "f1_mean": 0.18490767518770182,
      "confusion_matrix": [
        [
          2251,
          232
        ],
        [
          1526,
          209
        ]
      ],
      "feature_set": "joint",
      "feature_dim": 20
    }
  ],
  "best_config": {
    "feature_set": "gene_only",
    "model": "logreg",
    "auc": 0.5883608217119018,
    "auc_std": 0.006023726125015038
  }
}