{
  "metadata": {
    "timestamp": "2026-01-19T21:04:24.624812",
    "n_subjects": 128,
    "n_train": 102,
    "n_holdout": 26,
    "holdout_frac": 0.2,
    "seed": 42,
    "n_folds": 5,
    "gene_pca_dims": [
      102
    ],
    "methods": [
      "scca"
    ],
    "c1_grid": [
      0.1
    ],
    "c2_grid": [
      0.1
    ],
    "used_shm": true
  },
  "results": [
    {
      "brain_feature": "tian_summary",
      "brain_dim": 10,
      "gene_pca_dim": 102,
      "method": "scca",
      "c1": 0.1,
      "c2": 0.1,
      "cv": {
        "mean_r_val_cc1": -0.12572385496427357,
        "std_r_val_cc1": 0.13054812978733388,
        "mean_r_train_cc1": 0.36744093797664246,
        "std_r_train_cc1": 0.05092480961217339,
        "overfitting_gap": 0.49316479294091603
      },
      "holdout": {
        "r_train": [
          0.26056254371920523,
          0.4089305056056262,
          0.34287707754362934,
          0.28512687383871926,
          0.17527967914117001,
          0.2764864770324882,
          0.2252549291416667,
          0.21350586458787627,
          0.23790484838434564,
          0.3141159344575383
        ],
        "r_holdout": [
          -0.09608424057282026,
          0.14830336722982887,
          -0.3199039447308404,
          0.28596972338724586,
          -0.05787311242173741,
          -0.20445031070010955,
          0.007191508443896234,
          -0.2110434537794356,
          -0.07190661366201548,
          -0.1889050520364962
        ],
        "r_train_cc1": 0.26056254371920523,
        "r_holdout_cc1": -0.09608424057282026,
        "generalization_gap": 0.3566467842920255
      },
      "folds": [
        {
          "fold": 0,
          "r_train": [
            0.31850341327402687,
            0.3464538252538286,
            0.1771870992815795,
            0.43221954855480427,
            0.30734949541166906,
            0.26065792867451537,
            0.27602221971113816,
            0.3250430096835481,
            0.3055600698016334,
            0.269580606575551
          ],
          "r_val": [
            0.11030427432061105,
            0.049001891118101,
            0.16499083200164216,
            0.07195644139439272,
            0.20442504227659505,
            0.07195474284604823,
            0.09305329863429146,
            0.03843491216347518,
            -0.1103416776769408,
            -0.34365351658444065
          ],
          "r_train_cc1": 0.31850341327402687,
          "r_val_cc1": 0.11030427432061105
        },
        {
          "fold": 1,
          "r_train": [
            0.4465151736472403,
            0.2717104679571213,
            0.23139433903566195,
            0.31311298564974044,
            0.32286031928147285,
            0.2690130210902085,
            0.33150996313501035,
            0.22321919532024515,
            0.44736712020687364,
            0.21435301581680755
          ],
          "r_val": [
            -0.17832438674073395,
            0.26911109756643303,
            -0.18011622804562138,
            -0.19294266920642206,
            -0.24482384464310172,
            0.05773701509928418,
            -0.17770212510277225,
            -0.12915184644973512,
            0.27336878112591195,
            0.041321980814010194
          ],
          "r_train_cc1": 0.4465151736472403,
          "r_val_cc1": -0.17832438674073395
        },
        {
          "fold": 2,
          "r_train": [
            0.3641290308270396,
            0.5537740068989041,
            0.25114182744966884,
            0.19084166491421858,
            0.28730010930260624,
            0.3293159228148231,
            0.24357220851356387,
            0.4058155796513131,
            0.400583684865511,
            0.29458362503123686
          ],
          "r_val": [
            -0.15352719454781394,
            -0.27852482671673595,
            0.27208682320254257,
            0.3643736254023315,
            0.09856694925708835,
            0.3256989701457592,
            -0.01647017215113372,
            0.20605193003273453,
            0.10808407082454263,
            -0.21239499598931322
          ],
          "r_train_cc1": 0.3641290308270396,
          "r_val_cc1": -0.15352719454781394
        },
        {
          "fold": 3,
          "r_train": [
            0.3095970645615633,
            0.26311840497508016,
            0.2805075810273598,
            0.2330204960028478,
            0.43268790079119435,
            0.25444824329869753,
            0.36185194312760316,
            0.2798489574437798,
            0.26191678615393177,
            0.23346205684475976
          ],
          "r_val": [
            -0.2867690803446404,
            -0.25258801457456315,
            0.09575995996746134,
            -0.13790483552383612,
            -0.2468570352635776,
            -0.2631875804793068,
            0.25068142998555826,
            0.14201625920697372,
            0.09496452230023238,
            -0.13209446034054884
          ],
          "r_train_cc1": 0.3095970645615633,
          "r_val_cc1": -0.2867690803446404
        },
        {
          "fold": 4,
          "r_train": [
            0.3984600075733419,
            0.2221619420075787,
            0.2879177205990023,
            0.3009664268177496,
            0.2900617041893731,
            0.3479109910164495,
            0.3409661069227163,
            0.2969223939983339,
            0.13749387803823024,
            0.22014735264028867
          ],
          "r_val": [
            -0.12030288750879073,
            -0.14715952739994817,
            -0.39154228751777514,
            -0.3031947543876453,
            -0.0397584954013568,
            -0.0448607054495383,
            -0.16506031922816375,
            0.18772147048949503,
            -0.3276314319163586,
            0.3602353067225026
          ],
          "r_train_cc1": 0.3984600075733419,
          "r_val_cc1": -0.12030288750879073
        }
      ]
    }
  ]
}