{
  "method": "conventional",
  "n_subjects": 4218,
  "gene_dim": 111,
  "fmri_dim": 180,
  "n_components": 10,
  "canonical_correlations": [
    0.34709652490529913,
    0.33776019599481905,
    0.33521737528482887,
    0.33365740721136394,
    0.331188486780959,
    0.3288956082657741,
    0.3238117135595552,
    0.3221169726849594,
    0.3199303058473288,
    0.31654577320407573
  ],
  "sparsity_gene": 0.0,
  "sparsity_fmri": 0.0,
  "seed": 42,
  "n_perm": 1000,
  "p_perm": [
    0.995004995004995,
    0.999000999000999,
    0.995004995004995,
    0.906093906093906,
    0.7502497502497503,
    0.5034965034965035,
    0.6073926073926074,
    0.2857142857142857,
    0.13086913086913088,
    0.09290709290709291
  ]
}