{
  "n_subjects": 4218,
  "n_cases": 1735,
  "n_controls": 2483,
  "n_folds": 5,
  "seed": 42,
  "models": [
    "logreg",
    "mlp"
  ],
  "feature_sets": [
    "gene_only",
    "fmri_only",
    "joint"
  ],
  "results": [
    {
      "model": "logreg",
      "n_folds": 5,
      "auc_mean": 0.5884342917222588,
      "auc_std": 0.005766989395330789,
      "auc_folds": [
        0.5941006268156489,
        0.5931902655123826,
        0.5821209678822212,
        0.5920040438784047,
        0.5807555545226364
      ],
      "accuracy_mean": 0.559265318513771,
      "accuracy_std": 0.011936074642164216,
      "precision_mean": 0.47040970446955355,
      "recall_mean": 0.5665706051873199,
      "f1_mean": 0.5139279248714128,
      "confusion_matrix": [
        [
          1376,
          1107
        ],
        [
          752,
          983
        ]
      ],
      "feature_set": "gene_only",
      "feature_dim": 10
    },
    {
      "model": "mlp",
      "n_folds": 5,
      "auc_mean": 0.5578751139354488,
      "auc_std": 0.026273870154901617,
      "auc_folds": [
        0.5156008094677575,
        0.5446395954980605,
        0.5795058535651951,
        0.5897729385516408,
        0.5598563725945895
      ],
      "accuracy_mean": 0.5827413379208761,
      "accuracy_std": 0.008604767084788028,
      "precision_mean": 0.4794608192145259,
      "recall_mean": 0.16195965417867436,
      "f1_mean": 0.2351344197499321,
      "confusion_matrix": [
        [
          2177,
          306
        ],
        [
          1454,
          281
        ]
      ],
      "feature_set": "gene_only",
      "feature_dim": 10
    },
    {
      "model": "logreg",
      "n_folds": 5,
      "auc_mean": 0.513711061572559,
      "auc_std": 0.021558337005242373,
      "auc_folds": [
        0.503812500362405,
        0.5193466273143181,
        0.5497770484578943,
        0.4838883982523009,
        0.5117307334758763
      ],
      "accuracy_mean": 0.5180108841701664,
      "accuracy_std": 0.016746305146144298,
      "precision_mean": 0.4240388855917464,
      "recall_mean": 0.4847262247838616,
      "f1_mean": 0.4519828251260116,
      "confusion_matrix": [
        [
          1344,
          1139
        ],
        [
          894,
          841
        ]
      ],
      "feature_set": "fmri_only",
      "feature_dim": 10
    },
    {
      "model": "mlp",
      "n_folds": 5,
      "auc_mean": 0.5169091802838972,
      "auc_std": 0.031103125082212486,
      "auc_folds": [
        0.4888814152929102,
        0.5636412132738796,
        0.5429696333621324,
        0.48487031700288186,
        0.5041833224876824
      ],
      "accuracy_mean": 0.5801273942644471,
      "accuracy_std": 0.009285122143065302,
      "precision_mean": 0.4041169590643275,
      "recall_mean": 0.029394812680115272,
      "f1_mean": 0.051292331254659984,
      "confusion_matrix": [
        [
          2396,
          87
        ],
        [
          1684,
          51
        ]
      ],
      "feature_set": "fmri_only",
      "feature_dim": 10
    },
    {
      "model": "logreg",
      "n_folds": 5,
      "auc_mean": 0.5810207718374951,
      "auc_std": 0.008115776020495933,
      "auc_folds": [
        0.5851477742535909,
        0.5902446378559542,
        0.5847360821992473,
        0.5666658919773171,
        0.5783094729013665
      ],
      "accuracy_mean": 0.5542847987046937,
      "accuracy_std": 0.011664099295697004,
      "precision_mean": 0.4654962875542662,
      "recall_mean": 0.5613832853025936,
      "f1_mean": 0.5088386527598487,
      "confusion_matrix": [
        [
          1364,
          1119
        ],
        [
          761,
          974
        ]
      ],
      "feature_set": "joint",
      "feature_dim": 20
    },
    {
      "model": "mlp",
      "n_folds": 5,
      "auc_mean": 0.5449400993672363,
      "auc_std": 0.011907267600638706,
      "auc_folds": [
        0.5339819899222423,
        0.541612789126691,
        0.5334775221936808,
        0.5653934647206471,
        0.5502347308729199
      ],
      "accuracy_mean": 0.5836880808217099,
      "accuracy_std": 0.007448690991550149,
      "precision_mean": 0.4673620162303932,
      "recall_mean": 0.11642651296829971,
      "f1_mean": 0.17976184204338064,
      "confusion_matrix": [
        [
          2260,
          223
        ],
        [
          1533,
          202
        ]
      ],
      "feature_set": "joint",
      "feature_dim": 20
    }
  ],
  "best_config": {
    "feature_set": "gene_only",
    "model": "logreg",
    "auc": 0.5884342917222588,
    "auc_std": 0.005766989395330789
  }
}