{
  "n_subjects": 4218,
  "n_cases": 1735,
  "n_controls": 2483,
  "n_folds": 5,
  "seed": 42,
  "models": [
    "logreg",
    "mlp"
  ],
  "feature_sets": [
    "gene_only",
    "fmri_only",
    "joint"
  ],
  "results": [
    {
      "model": "logreg",
      "n_folds": 5,
      "auc_mean": 0.4860075461601065,
      "auc_std": 0.01408534820816064,
      "auc_folds": [
        0.4709989040873483,
        0.47370099559895396,
        0.48569225149165896,
        0.5106268011527378,
        0.4890187784698336
      ],
      "accuracy_mean": 0.4843551297836097,
      "accuracy_std": 0.014240320466329214,
      "precision_mean": 0.3929311997739843,
      "recall_mean": 0.4674351585014409,
      "f1_mean": 0.426837860726215,
      "confusion_matrix": [
        [
          1232,
          1251
        ],
        [
          924,
          811
        ]
      ],
      "feature_set": "gene_only",
      "feature_dim": 10
    },
    {
      "model": "mlp",
      "n_folds": 5,
      "auc_mean": 0.4943908173405965,
      "auc_std": 0.022928644621072282,
      "auc_folds": [
        0.5125334137389177,
        0.4983097431853368,
        0.4532439594338365,
        0.5182323138421492,
        0.4896346565027424
      ],
      "accuracy_mean": 0.5784722807846048,
      "accuracy_std": 0.005851633167898127,
      "precision_mean": 0.3899665551839465,
      "recall_mean": 0.06167146974063401,
      "f1_mean": 0.09839685371053947,
      "confusion_matrix": [
        [
          2333,
          150
        ],
        [
          1628,
          107
        ]
      ],
      "feature_set": "gene_only",
      "feature_dim": 10
    },
    {
      "model": "logreg",
      "n_folds": 5,
      "auc_mean": 0.5059289103590586,
      "auc_std": 0.019961761831816686,
      "auc_folds": [
        0.48453835404356976,
        0.5248899738488568,
        0.47995755512904514,
        0.527110253788231,
        0.5131484149855907
      ],
      "accuracy_mean": 0.5085383953719789,
      "accuracy_std": 0.012160841662172819,
      "precision_mean": 0.4207954801758541,
      "recall_mean": 0.5198847262247839,
      "f1_mean": 0.46416723368696733,
      "confusion_matrix": [
        [
          1243,
          1240
        ],
        [
          833,
          902
        ]
      ],
      "feature_set": "fmri_only",
      "feature_dim": 10
    },
    {
      "model": "mlp",
      "n_folds": 5,
      "auc_mean": 0.5217953463085849,
      "auc_std": 0.014377893664236958,
      "auc_folds": [
        0.5142381667526774,
        0.528096533089024,
        0.536330374175891,
        0.5330075764618387,
        0.49730408106349355
      ],
      "accuracy_mean": 0.5851076329740883,
      "accuracy_std": 0.0078118852095620615,
      "precision_mean": 0.4606895566455546,
      "recall_mean": 0.050144092219020164,
      "f1_mean": 0.08609985878797824,
      "confusion_matrix": [
        [
          2381,
          102
        ],
        [
          1648,
          87
        ]
      ],
      "feature_set": "fmri_only",
      "feature_dim": 10
    },
    {
      "model": "logreg",
      "n_folds": 5,
      "auc_mean": 0.49693012121254065,
      "auc_std": 0.02737392018767811,
      "auc_folds": [
        0.46470755367942523,
        0.49979995245246694,
        0.4729993795626787,
        0.5423851910383936,
        0.5047585293297387
      ],
      "accuracy_mean": 0.49977202835731116,
      "accuracy_std": 0.02245187575942857,
      "precision_mean": 0.41025486704436054,
      "recall_mean": 0.4945244956772334,
      "f1_mean": 0.44829921404464795,
      "confusion_matrix": [
        [
          1250,
          1233
        ],
        [
          877,
          858
        ]
      ],
      "feature_set": "joint",
      "feature_dim": 20
    },
    {
      "model": "mlp",
      "n_folds": 5,
      "auc_mean": 0.5047106123774346,
      "auc_std": 0.01671702177703674,
      "auc_folds": [
        0.5185928249612952,
        0.49659339321229967,
        0.47540574861271373,
        0.5176745375104582,
        0.5152865575904063
      ],
      "accuracy_mean": 0.5756286788888703,
      "accuracy_std": 0.007354374382775778,
      "precision_mean": 0.38739426392819537,
      "recall_mean": 0.058789625360230545,
      "f1_mean": 0.10159099294470941,
      "confusion_matrix": [
        [
          2326,
          157
        ],
        [
          1633,
          102
        ]
      ],
      "feature_set": "joint",
      "feature_dim": 20
    }
  ],
  "best_config": {
    "feature_set": "fmri_only",
    "model": "mlp",
    "auc": 0.5217953463085849,
    "auc_std": 0.014377893664236958
  }
}