{
  "params": {
    "c1": 0.3,
    "c2": 0.3,
    "k": 10,
    "n_folds": 5,
    "seed": 42,
    "holdout_frac": 0.2
  },
  "split": {
    "n_total": 4218,
    "n_train": 3374,
    "n_holdout": 844,
    "pos_ratio_total": 0.4113323850165955,
    "pos_ratio_train": 0.41138114997036157,
    "pos_ratio_holdout": 0.41113744075829384
  },
  "folds": [
    {
      "fold": 0,
      "r_train": [
        0.16953626573816324,
        0.13697039664808747,
        0.20732477087931722,
        0.20433286307890694,
        0.20206739792463474,
        0.19851102185180144,
        0.21814906766952974,
        0.2075085072375171,
        0.19173382239639636,
        0.19127192425218006
      ],
      "r_val": [
        -0.021646705016638245,
        0.023101892878449735,
        -0.04226170523096781,
        -0.01886554319142603,
        0.027972019673958275,
        0.030273547212584382,
        0.03573035916510327,
        0.020194989793829412,
        0.051768942872439265,
        -0.017288478510153443
      ],
      "sparsity_gene": 0.0918918918918919,
      "sparsity_fmri": 0.021111111111111112
    },
    {
      "fold": 1,
      "r_train": [
        0.16184637177101716,
        0.13017569735873402,
        0.19104272331823408,
        0.19221888731967463,
        0.20479312144080195,
        0.19867917877644195,
        0.21097328504701549,
        0.20087013062033804,
        0.18877854911742084,
        0.16859504833571182
      ],
      "r_val": [
        0.02399532637356258,
        0.02079113574468611,
        -0.008315760164707519,
        -0.0036236423659233344,
        -0.026017531633520566,
        -0.004992900519960868,
        0.039219264345935305,
        0.056136875672432134,
        0.026457033161507357,
        -0.03434113646052129
      ],
      "sparsity_gene": 0.08378378378378379,
      "sparsity_fmri": 0.01611111111111111
    },
    {
      "fold": 2,
      "r_train": [
        0.16977505648496485,
        0.15229082456098464,
        0.1695645399996919,
        0.19289116499683934,
        0.1772681385910493,
        0.2097515670593105,
        0.20184396624517725,
        0.2082249047612682,
        0.19804359934861138,
        0.22572803166633354
      ],
      "r_val": [
        0.0032421049784830858,
        0.00037486494105641523,
        -0.005306438136402985,
        0.07713076021602784,
        0.07193446224654193,
        0.015780244198962075,
        0.0032179842701297195,
        0.018603356544645483,
        -0.02387691396697871,
        0.05855802594959529
      ],
      "sparsity_gene": 0.0945945945945946,
      "sparsity_fmri": 0.012777777777777779
    },
    {
      "fold": 3,
      "r_train": [
        0.16550122179123838,
        0.15083336290024535,
        0.1834974131178379,
        0.20837838641912185,
        0.2117411333953691,
        0.17346624008069994,
        0.24121307572752,
        0.2063072405429579,
        0.19739083863555787,
        0.18868924119064925
      ],
      "r_val": [
        -0.024599056508151185,
        0.019575531172984054,
        0.01295034768206266,
        0.032185929676114756,
        0.010324640842008464,
        0.060054025254797735,
        0.0031548559896151084,
        0.002967048461437555,
        -0.046160785502157554,
        0.01886016005926252
      ],
      "sparsity_gene": 0.0963963963963964,
      "sparsity_fmri": 0.02277777777777778
    },
    {
      "fold": 4,
      "r_train": [
        0.17009564245754336,
        0.1502228734214416,
        0.18984457693100998,
        0.1981204965005064,
        0.20061091724331895,
        0.192519023575432,
        0.20823466802013219,
        0.2172510291818155,
        0.19859803738440346,
        0.2230578415349675
      ],
      "r_val": [
        -0.03114144935655025,
        0.02188741662973147,
        -0.029323443449126838,
        0.032883356913061705,
        -0.015959931853583315,
        0.006351467394231195,
        0.012076467830794219,
        0.04336446773982487,
        0.00010530527405360458,
        -0.06852297706861932
      ],
      "sparsity_gene": 0.08648648648648649,
      "sparsity_fmri": 0.014444444444444444
    }
  ],
  "train_fit": {
    "r_train": [
      0.1561687212837501,
      0.12869862871351734,
      0.16008374492542132,
      0.17467900465674474,
      0.16166793250972003,
      0.1847783400211265,
      0.19833840154296828,
      0.1917471427944695,
      0.17105563885619224,
      0.17466038815215662
    ],
    "r_holdout": [
      -0.004683633887733843,
      -0.009972525449223658,
      -0.012894545388392955,
      0.004019116442318228,
      0.004969098329785286,
      0.05267646254774754,
      -0.016607162402581265,
      0.003019918283352424,
      -0.012178073267029799,
      0.03401146864201464
    ],
    "sparsity_gene": 0.08198198198198198,
    "sparsity_fmri": 0.017777777777777778,
    "top_gene": {
      "0": [
        [
          "NR3C1",
          0.37316063584885056
        ],
        [
          "CTNND2",
          0.3362265062911672
        ],
        [
          "ZNF165",
          -0.33023923270929945
        ],
        [
          "KCNK2",
          0.3240012862617843
        ],
        [
          "CSMD1",
          0.30251037579646944
        ],
        [
          "CHRM2",
          -0.2965809774331767
        ],
        [
          "CAT",
          -0.29563916802526424
        ],
        [
          "GABRA1",
          -0.1997789876457545
        ],
        [
          "OSTM1",
          -0.16312605567315663
        ],
        [
          "HSPA1L",
          0.1631098780011366
        ]
      ],
      "1": [
        [
          "MTHFR",
          0.24271308990879448
        ],
        [
          "HTR1A",
          0.21340018043010597
        ],
        [
          "SPTBN2",
          -0.21271158782841526
        ],
        [
          "TBC1D5",
          -0.1889979019922576
        ],
        [
          "BHLHE41",
          -0.18550610427102998
        ],
        [
          "MGAT4B",
          -0.18147816951377338
        ],
        [
          "IL10",
          0.17463646153225998
        ],
        [
          "COMT",
          0.17347591782079347
        ],
        [
          "HOXA10",
          0.15546248131937287
        ],
        [
          "TNF",
          -0.15243982572018175
        ]
      ],
      "2": [
        [
          "CELF4",
          0.28332003443372933
        ],
        [
          "MGAT4B",
          -0.2828649469862282
        ],
        [
          "MPPED2",
          -0.22094091830560403
        ],
        [
          "GABRA1",
          -0.22061993024839163
        ],
        [
          "EDN1",
          0.19223392087339045
        ],
        [
          "FH",
          -0.18635499057057184
        ],
        [
          "XDH",
          0.17878592870869733
        ],
        [
          "ARHGAP8",
          -0.17005033751812615
        ],
        [
          "CNR1",
          -0.1603950626758162
        ],
        [
          "KCNJ13",
          -0.1587642454392445
        ]
      ],
      "3": [
        [
          "PLOD1",
          -0.24314908308921396
        ],
        [
          "EDN1",
          -0.2350542254290238
        ],
        [
          "OSTM1",
          0.2246948758250248
        ],
        [
          "CXCR6",
          0.2185044346014454
        ],
        [
          "NTRK2",
          -0.21390852205832986
        ],
        [
          "IL6",
          -0.20354926454448183
        ],
        [
          "TPH2",
          -0.20153732040102748
        ],
        [
          "ISG15",
          -0.179275860709131
        ],
        [
          "HTR1A",
          0.17210294874294252
        ],
        [
          "DMTF1",
          -0.16729849441911568
        ]
      ],