{
  "method": "conventional",
  "n_subjects": 4218,
  "gene_dim": 111,
  "fmri_dim": 180,
  "n_components": 10,
  "canonical_correlations": [
    0.36793897880580945,
    0.3501900374936752,
    0.34817257287503295,
    0.34004454385161,
    0.3346104909382538,
    0.32942803884126004,
    0.3249675609381683,
    0.3225876591755585,
    0.32046457162315833,
    0.3154623029891485
  ],
  "sparsity_gene": 0.0,
  "sparsity_fmri": 0.0,
  "seed": 42,
  "n_perm": 1000,
  "p_perm": [
    0.03996003996003996,
    0.4925074925074925,
    0.12187812187812187,
    0.3006993006993007,
    0.32667332667332666,
    0.3696303696303696,
    0.4165834165834166,
    0.21678321678321677,
    0.08591408591408592,
    0.15184815184815184
  ]
}