{
  "n_total": 746,
  "n_readable_ts": 746,
  "n_missing_or_invalid_ts": 0,
  "std_threshold": 1e-06,
  "n_all_zero_ts": 514,
  "frac_all_zero_ts": 0.6890080428954424,
  "valid_roi_count": {
    "min": 0,
    "median": 0.0,
    "mean": 7.357908847184986,
    "max": 50
  },
  "counts_n_valid_ge": {
    "0": 746,
    "1": 232,
    "5": 211,
    "10": 193,
    "20": 164,
    "30": 79,
    "40": 12,
    "50": 6
  },
  "suffix_counts": {
    "('20227', '2', '0')": 746
  },
  "roi_valid_rate": {
    "HIP-head-l": 0.12198391420911528,
    "HIP-head-r": 0.12734584450402145,
    "HIP-body-l": 0.14209115281501342,
    "HIP-body-r": 0.1487935656836461,
    "HIP-tail-l": 0.16353887399463807,
    "HIP-tail-r": 0.16353887399463807,
    "HIP-subiculum-l": 0.22788203753351208,
    "HIP-subiculum-r": 0.2225201072386059,
    "AMY-lateral-l": 0.19839142091152814,
    "AMY-lateral-r": 0.19973190348525469,
    "AMY-medial-l": 0.19973190348525469,
    "AMY-medial-r": 0.20509383378016086,
    "THA-VA-l": 0.19436997319034852,
    "THA-VA-r": 0.20777479892761394,
    "THA-VL-l": 0.19973190348525469,
    "THA-VL-r": 0.1863270777479893,
    "THA-VP-l": 0.20777479892761394,
    "THA-VP-r": 0.20911528150134048,
    "THA-IL-l": 0.13941018766756033,
    "THA-IL-r": 0.15683646112600536,
    "THA-MD-l": 0.17158176943699732,
    "THA-MD-r": 0.18230563002680966,
    "THA-PU-l": 0.17292225201072386,
    "THA-PU-r": 0.1863270777479893,
    "NAc-core-l": 0.2064343163538874,
    "NAc-core-r": 0.04423592493297587,
    "NAc-shell-l": 0.0388739946380697,
    "NAc-shell-r": 0.04155495978552279,
    "CAU-head-l": 0.058981233243967826,
    "CAU-head-r": 0.14745308310991956,
    "CAU-body-l": 0.08847184986595175,
    "CAU-body-r": 0.225201072386059,
    "CAU-tail-l": 0.2064343163538874,
    "CAU-tail-r": 0.18096514745308312,
    "PUT-anterior-l": 0.15013404825737264,
    "PUT-anterior-r": 0.11662198391420911,
    "PUT-posterior-l": 0.11394101876675604,
    "PUT-posterior-r": 0.09785522788203753,
    "PUT-ventral-l": 0.11126005361930295,
    "PUT-ventral-r": 0.12198391420911528,
    "GP-internal-l": 0.10857908847184987,
    "GP-internal-r": 0.1260053619302949,
    "GP-external-l": 0.13136729222520108,
    "GP-external-r": 0.07908847184986595,
    "HTH-l": 0.09249329758713137,
    "HTH-r": 0.09249329758713137,
    "VTA-l": 0.11796246648793565,
    "VTA-r": 0.10723860589812333,
    "SN-l": 0.10187667560321716,
    "SN-r": 0.11528150134048257
  }
}