{
  "stage1": {
    "cca_correlations": [
      0.34709652490529913,
      0.33776019599481905,
      0.33521737528482887,
      0.33365740721136394,
      0.331188486780959,
      0.3288956082657741,
      0.3238117135595552,
      0.3221169726849594,
      0.3199303058473288,
      0.31654577320407573
    ],
    "scca_correlations": [
      0.3470992316141201,
      0.3377679951121626,
      0.3352251301442685,
      0.33365006481011417,
      0.3311817259778533,
      0.32889976013686206,
      0.3238184793703902,
      0.32211412512248083,
      0.3199259352673544,
      0.3165423306063074
    ],
    "cca_sparsity": {
      "gene": 0.0,
      "fmri": 0.0
    },
    "scca_sparsity": {
      "gene": 0.0,
      "fmri": 0.0
    }
  },
  "stage2": {
    "cca_aucs": {
      "gene_only": 0.5054771386523099,
      "fmri_only": 0.5213108763204868,
      "joint": 0.5121596432737917
    },
    "scca_aucs": {
      "gene_only": 0.4943908173405965,
      "fmri_only": 0.5217953463085849,
      "joint": 0.5047106123774346
    },
    "cca_best": {
      "feature_set": "fmri_only",
      "model": "mlp",
      "auc": 0.5213108763204868,
      "auc_std": 0.0131001280485609
    },
    "scca_best": {
      "feature_set": "fmri_only",
      "model": "mlp",
      "auc": 0.5217953463085849,
      "auc_std": 0.014377893664236958
    },
    "delta_best": 0.00048446998809814623
  },
  "conclusion": "similar"
}