{
  "stage1": {
    "cca_correlations": [
      0.36793897880580945,
      0.3501900374936752,
      0.34817257287503295,
      0.34004454385161,
      0.3346104909382538,
      0.32942803884126004,
      0.3249675609381683,
      0.3225876591755585,
      0.32046457162315833,
      0.3154623029891485
    ],
    "scca_correlations": [
      0.36794054095669865,
      0.3502032393402269,
      0.34816110163455255,
      0.34004415614595174,
      0.3346146838055308,
      0.3294269338016081,
      0.324972196485868,
      0.32259012919452434,
      0.3204555434821475,
      0.3154712532421047
    ],
    "cca_sparsity": {
      "gene": 0.0,
      "fmri": 0.0
    },
    "scca_sparsity": {
      "gene": 0.0,
      "fmri": 0.0
    }
  },
  "stage2": {
    "cca_aucs": {
      "gene_only": 0.5884342917222588,
      "fmri_only": 0.5169091802838972,
      "joint": 0.5810207718374951
    },
    "scca_aucs": {
      "gene_only": 0.5883608217119018,
      "fmri_only": 0.513630731586694,
      "joint": 0.5809891560948849
    },
    "cca_best": {
      "feature_set": "gene_only",
      "model": "logreg",
      "auc": 0.5884342917222588,
      "auc_std": 0.005766989395330789
    },
    "scca_best": {
      "feature_set": "gene_only",
      "model": "logreg",
      "auc": 0.5883608217119018,
      "auc_std": 0.006023726125015038
    },
    "delta_best": -7.347001035695744e-05
  },
  "conclusion": "similar"
}