{
  "n_subjects": 4218,
  "n_cases": 1735,
  "n_controls": 2483,
  "n_folds": 5,
  "seed": 42,
  "models": [
    "logreg",
    "mlp"
  ],
  "feature_sets": [
    "gene_only",
    "fmri_only",
    "joint"
  ],
  "results": [
    {
      "model": "logreg",
      "n_folds": 5,
      "auc_mean": 0.4860679508865033,
      "auc_std": 0.014125458412776001,
      "auc_folds": [
        0.4711728584765075,
        0.4734748548930471,
        0.4857966241251544,
        0.5107139537045644,
        0.4891814632332434
      ],
      "accuracy_mean": 0.4843551297836096,
      "accuracy_std": 0.013634542667048985,
      "precision_mean": 0.3929293793815926,
      "recall_mean": 0.4674351585014409,
      "f1_mean": 0.4268356798471481,
      "confusion_matrix": [
        [
          1232,
          1251
        ],
        [
          924,
          811
        ]
      ],
      "feature_set": "gene_only",
      "feature_dim": 10
    },
    {
      "model": "mlp",
      "n_folds": 5,
      "auc_mean": 0.5054771386523099,
      "auc_std": 0.011950845025471113,
      "auc_folds": [
        0.5041952000185551,
        0.49517276570083324,
        0.5037835079642118,
        0.49606651482755415,
        0.5281677047503951
      ],
      "accuracy_mean": 0.5853493784891468,
      "accuracy_std": 0.003354356591259059,
      "precision_mean": 0.3615079365079365,
      "recall_mean": 0.010951008645533142,
      "f1_mean": 0.02120565097913863,
      "confusion_matrix": [
        [
          2450,
          33
        ],
        [
          1716,
          19
        ]
      ],
      "feature_set": "gene_only",
      "feature_dim": 10
    },
    {
      "model": "logreg",
      "n_folds": 5,
      "auc_mean": 0.5060393269723388,
      "auc_std": 0.020075149884311264,
      "auc_folds": [
        0.48437019813404925,
        0.5249015708081342,
        0.48005612928290203,
        0.5275111555266339,
        0.5133575811099749
      ],
      "accuracy_mean": 0.5085381142725428,
      "accuracy_std": 0.01158096085604381,
      "precision_mean": 0.42074884976423704,
      "recall_mean": 0.5204610951008646,
      "f1_mean": 0.46435559541294574,
      "confusion_matrix": [
        [
          1242,
          1241
        ],
        [
          832,
          903
        ]
      ],
      "feature_set": "fmri_only",
      "feature_dim": 10
    },
    {
      "model": "mlp",
      "n_folds": 5,
      "auc_mean": 0.5213108763204868,
      "auc_std": 0.0131001280485609,
      "auc_folds": [
        0.5250697267176546,
        0.5387889295426739,
        0.526090259134055,
        0.5177152087013108,
        0.4988902575067398
      ],
      "accuracy_mean": 0.5806049822064057,
      "accuracy_std": 0.007941160484294225,
      "precision_mean": 0.4301803655248178,
      "recall_mean": 0.060518731988472615,
      "f1_mean": 0.09919749708526339,
      "confusion_matrix": [
        [
          2344,
          139
        ],
        [
          1630,
          105
        ]
      ],
      "feature_set": "fmri_only",
      "feature_dim": 10
    },
    {
      "model": "logreg",
      "n_folds": 5,
      "auc_mean": 0.4968790618583678,
      "auc_std": 0.027385658782501085,
      "auc_folds": [
        0.4645104053717115,
        0.4997071767782487,
        0.47311534915545145,
        0.5423561401877847,
        0.5047062377986428
      ],
      "accuracy_mean": 0.49906084678394136,
      "accuracy_std": 0.022383205542419505,
      "precision_mean": 0.40956410659817555,
      "recall_mean": 0.49394812680115274,
      "f1_mean": 0.4476641842275312,
      "confusion_matrix": [
        [
          1248,
          1235
        ],
        [
          878,
          857
        ]
      ],
      "feature_set": "joint",
      "feature_dim": 20
    },
    {
      "model": "mlp",
      "n_folds": 5,
      "auc_mean": 0.5121596432737917,
      "auc_std": 0.01552284507751421,
      "auc_folds": [
        0.5015336978644199,
        0.500026093158374,
        0.49958540870583734,
        0.5388351770939853,
        0.5208178395463419
      ],
      "accuracy_mean": 0.584635667020852,
      "accuracy_std": 0.00799680243772542,
      "precision_mean": 0.4617394506434943,
      "recall_mean": 0.061671469740634,
      "f1_mean": 0.10828705389202124,
      "confusion_matrix": [
        [
          2359,
          124
        ],
        [
          1628,
          107
        ]
      ],
      "feature_set": "joint",
      "feature_dim": 20
    }
  ],
  "best_config": {
    "feature_set": "fmri_only",
    "model": "mlp",
    "auc": 0.5213108763204868,
    "auc_std": 0.0131001280485609
  }
}